{"cameraMode":{"drawMode":0,"name":"Shaded","section":"Shading Mode"},"sceneLighting":true,"audioPlay":false,"sceneViewState":{"m_AlwaysRefresh":false,"showFog":true,"showSkybox":true,"showFlares":true,"showImageEffects":true,"showParticleSystems":true,"showVisualEffectGraphs":true,"m_FxEnabled":true},"in2DMode":false,"pivot":{"x":452.9024353027344,"y":-0.5970671772956848,"z":-738.859619140625},"rotation":{"x":-0.003712782636284828,"y":-0.9674789309501648,"z":0.25251728296279909,"w":-0.01423165388405323},"size":1.1680779457092286,"orthographic":false}